<?xml version="1.0" encoding="UTF-8"?>
<project-private xmlns="http://www.netbeans.org/ns/project-private/1">
    <editor-bookmarks xmlns="http://www.netbeans.org/ns/editor-bookmarks/2" lastBookmarkId="1">
        <file>
            <url>web/AvionNuevo.jsp</url>
            <bookmark id="1">
                <name/>
                <line>23</line>
                <key/>
            </bookmark>
        </file>
    </editor-bookmarks>
    <open-files xmlns="http://www.netbeans.org/ns/projectui-open-files/2">
        <group>
            <file>file:/C:/Users/Jose%20Carlos/Desktop/Final%200240%20am%201%20de%20septiembre/AerolineaBarrantes/AerolineaBarrantesFE/web/Login.jsp</file>
            <file>file:/C:/Users/Jose%20Carlos/Desktop/Final%200240%20am%201%20de%20septiembre/AerolineaBarrantes/AerolineaBarrantesFE/src/java/Control/ClientesServlet.java</file>
            <file>file:/C:/Users/Jose%20Carlos/Desktop/Final%200240%20am%201%20de%20septiembre/AerolineaBarrantes/AerolineaBarrantesFE/web/AdministrarClientes.jsp</file>
        </group>
    </open-files>
</project-private>
